[{"id":"1","fecha_alta":"2024-04-09","titulo":"Deparmteno","descripcion":"Depa","tipo":"2","estado":"venta","ubicacion":"asdasdas","habitaciones":"10","banios":"5","pisos":"5","garage":"No","dimensiones":"123x55626","precio":"5000","moneda":"$","url_foto_principal":"fotos\/1\/000773344W.jpg","pais":"1","ciudad":"1","propietario":"Harles","telefono_propietario":"993242511"},{"id":"2","fecha_alta":"2024-05-10","titulo":"CASA GRANDE","descripcion":"CASA 4 PISOS","tipo":"2","estado":"Alquiler","ubicacion":"San martin de Porres","habitaciones":"10","banios":"5","pisos":"4","garage":"Si","dimensiones":"500x400","precio":"1200","moneda":"$","url_foto_principal":"fotos\/2\/_FI.jpg","pais":"1","ciudad":"1","propietario":"Jose","telefono_propietario":"987564231"},{"id":"3","fecha_alta":"2024-05-10","titulo":"Condominio","descripcion":"Habitacienes de  20 pisos","tipo":"2","estado":"Alquiler","ubicacion":"Santiguado de surci","habitaciones":"90","banios":"10","pisos":"2","garage":"Si","dimensiones":"500x1100","precio":"500000","moneda":"$","url_foto_principal":"fotos\/3\/Ventajas-de-vivir-en-un-condominio.jpg","pais":"1","ciudad":"1","propietario":"Daniel","telefono_propietario":"96325741"}]